{
   "issuer" : "https://moodle.uji.es/saml/sp/metadata.xml",
   "type" : "Request",
   "recipient" : "https://esmo.uji.es/gw/saml/sp/metadata.xml",
   "id" : "6c0f70a8-f32b-4535-b5f6-0d596c52813a",

   "attributes" : [
       {
           "name":"http://eidas.europa.eu/attributes/naturalperson/CurrentGivenName",
           "friendlyName":"CurrentGivenName",
           "isMandatory":true
       },
       {
           "name":"http://eidas.europa.eu/attributes/naturalperson/PersonIdentifier",
           "friendlyName":"PersonIdentifier",
           "isMandatory":true
       },
       {
           "name":"http://eidas.europa.eu/attributes/naturalperson/CurrentFamilyName",
           "friendlyName":"FamilyName",
           "isMandatory":true
       },
       {
           "name":"http://eidas.europa.eu/attributes/naturalperson/DateOfBirth",
           "friendlyName":"DateOfBirth",
           "isMandatory":true
       },
       {
           "name":"eduPersonAffiliation",
           "isMandatory":false
       }
   ],
   "properties":{
		"LoA":"http://eidas.europa.eu/LoA/substantial",
	    "AuthnContext-Comparison":"minimum",
	    "NameIDPolicy-AllowCreate":"true",
	    "NameIDPolicy-Format":"urn:oasis:names:tc:SAML:2.0:nameid-format:persistent",
	    "SPType":"public",
	    "ProviderName":"Q2891006E_EA0018173",
	    "IssueInstant":"2018-12-20T12:35:48Z"
	}
}

